document_uid,mentions
DOC_62e420392490646b4baf,3.0
DOC_d7b3a0a2c42ecd5d4785,3.0
DOC_c36bb967dee3390ca155,5.0
DOC_081cb990aaa9cb8708b1,3.0
DOC_27d9a1be994e1cdd74f2,12.0
DOC_1d214c583706931e4975,5.0
DOC_e92993b80f2c462e177b,11.0
DOC_b4ab22c9a753967ddd21,5.0
DOC_917f2939ddb685925683,4.0
DOC_1bb75c411a8f8ac9a714,9.0
DOC_ca583fb0063bfc096db1,5.0
DOC_81e1cbbb5073ee88bf21,3.0
DOC_126e240e6c49dc9e8d68,5.0
DOC_5c8bb64b10318009fccc,4.0
DOC_34d634b85c6a28ac9af8,6.0
DOC_9a203bfc25ec90697fe6,3.0
DOC_bb3821243b62182eb2db,3.0
DOC_31f791e92d61244bb622,4.0
DOC_e5be414d24a05c3ca4a2,5.0
DOC_21b890168557e346a8ef,1.0
DOC_c7d9605ee7486a8d15aa,0.0
DOC_54a130f8479ac108091b,3.0
DOC_14b86c411b1ad91b9f1e,4.0
DOC_6808cb2933dd1b236304,4.0
DOC_23dccd1c0854557b4a56,2.0
DOC_b418fb68d4c18a3a9062,0.0
DOC_9b4867b962d182c88a5b,3.0
DOC_19e479ce61a6c336a78c,2.0
DOC_4aa847305ddb22e72f44,5.0
DOC_0e4de0f9366826873935,2.0
DOC_d6f7bf0ee0c7f62f6c28,5.0
DOC_265cac4862eb4d21ccaf,5.0
DOC_b9a8f426940497663078,4.0
DOC_1c8c470db60ade51e9d5,5.0
DOC_ba748c4fb199e211f917,4.0
DOC_1d1e750fd595d702e047,3.0
DOC_a1e9acef7935891a1b26,4.0
DOC_662b3e7f3fd4f5f2cd1d,5.0
DOC_effa6cfe886282d87ecb,2.0
DOC_1bbb9941ef6240935951,4.0
DOC_fb59923757c69350f7a1,2.0
DOC_06a4c6b94bd9742372ad,3.0
DOC_f1c3d35fc26382fb0392,4.0
DOC_42aed47f99a8acf2a32d,3.0
DOC_95fc4bb9671b753f0e24,3.0
DOC_d8429d77f3374528924f,0.0
DOC_a04d59fbcd668e9a2656,6.0
DOC_de12f976b9eed3c623c9,0.0
DOC_3a97eb2ef4e69780b88d,2.0
DOC_f81ce68c831d5368e327,4.0
DOC_3e93b1508f92c802233d,4.0
DOC_4e7f26903a8fbe2cb412,8.0
DOC_5b81b939351c2eb9a4d1,4.0
DOC_400efeb8f8d196d536a4,5.0
DOC_d202694c86cffd9935cf,3.0
DOC_3ab537b76e0916431d8f,2.0
DOC_067d7dd36f1265dac9f8,2.0
DOC_25b419ef690adfa6f0f0,3.0
DOC_3193f6d22b65ec318452,7.0
DOC_ee5ecd1edf0216a4d643,9.0
DOC_a23e59518d85698cc338,3.0
DOC_9775c767f440b3d93ce3,4.0
DOC_c1e361dd13518187f872,3.0
DOC_d0d9b2a0e2952222a0a1,5.0
DOC_fc6db525b9fc3a8de6ef,1.0
DOC_0e5cd8777c0cc7a527e8,4.0
DOC_ac6dd57d3708a4afdd71,4.0
DOC_e41825f30257694149b7,3.0
DOC_09410faa12d4a5b0b2da,3.0
DOC_c911037de44355d57149,5.0
DOC_52d60e7e849a02d55d8f,5.0
DOC_51ec0ec11577f4e1bfe3,5.0
DOC_f7d27184a34195239fbf,3.0
DOC_f011f2eca45071f49108,3.0
DOC_fe31d45e32f384928607,4.0
DOC_a0094c42edca29d65249,6.0
DOC_9284f3af942aa1c35f3f,3.0
DOC_9cfcb6a1b8031a1586e0,5.0
DOC_6ffa80c6ebd7f22bf828,1.0
DOC_9b751331b59f50e153d7,10.0
DOC_ad47a5aaeaa724c3de0e,3.0
DOC_ea6a8c5658557cfd61d7,4.0
DOC_104373c3c80b70dc7dc5,5.0
DOC_1f6e0ddebce398300733,5.0
DOC_0bc3b9546e74bd77935f,2.0
DOC_5be9ad1946d4cea4c73d,4.0
DOC_cd9bc0fa83f36be21f17,4.0
DOC_0eee57f7d1cd36783855,4.0
DOC_7bec198955f81ba4ec49,4.0
DOC_d9732b42c2c2a55aac15,4.0
DOC_cdbd0cd0be1849dd1bd5,4.0
DOC_20f7f8d2027e632151b5,4.0
DOC_c8abbb5d9eecbeae7709,5.0
DOC_9babe84e73f7d23a0036,5.0
DOC_42d83ac1c68e17e7d75e,5.0
DOC_6f4f398494c9ba6b1275,3.0
DOC_9f1b6c94a4a5eee8164f,2.0
DOC_b0c192c52cd4e55d29f2,4.0
DOC_6714ac3eeadca800c39d,0.0
DOC_73c29772f59b9c4270e9,2.0
DOC_ac53b0d4921dcb5355ba,4.0
DOC_66f7204c99645b6682e1,1.0
DOC_3b18934435cb05b3e9c2,4.0
DOC_d8ba7bcfd9c0de75ac76,3.0
DOC_4effff00c74ee314ae8e,5.0
DOC_f3df080cd46d5c622a97,0.0
DOC_dd169f5d607ef527cf06,2.0
DOC_0fc57e0bb5114751b4c2,1.0
DOC_8e2d9225d4deed14ad30,4.0
DOC_97d7a59571da60a88bf3,3.0
DOC_0c2a480e4c5e857f9291,3.0
DOC_d818394f315f31a52933,5.0
DOC_2f599560e3692fffdc0f,5.0
DOC_ce085524785092eeb264,4.0
DOC_9e3fc4726f22c6d9b5b3,4.0
DOC_e060333ec90ab98e89e4,4.0
DOC_c75f598d308c50bcfc68,6.0
DOC_f25887cc120a3032059b,3.0
DOC_333be7649e8c326be632,3.0
DOC_6a4a7c549eb6a5c3d3c7,5.0
DOC_0817e72236e0931e5b9e,4.0
DOC_2dcf0849b52e3d9270de,0.0
DOC_e94e4edfa5de17c6bed4,2.0
DOC_8dc7324cf3145b2f0512,5.0
DOC_3dd7f46ccf15b08b8983,7.0
DOC_861437a37288a5dbb510,4.0
DOC_ea7221b29e8c97c6018e,3.0
DOC_d62211cc21b0c7214b18,4.0
DOC_1102c753faad0ff818f5,4.0
DOC_aef26cabc0f31e7ccaa7,4.0
DOC_8742cacdb0ad6bb86d2e,4.0
DOC_5f85ac32545c419c5d93,6.0
DOC_3c58419b030ce291f049,4.0
DOC_fd2a506a5a0c0526d1be,3.0
DOC_0dd42830fd8f45812ea7,0.0
DOC_1047cd7d6a5f63b1faff,2.0
DOC_c475220a5e0a0ac76081,5.0
DOC_86565ea9c9c23a1d942b,3.0
DOC_cdaf299d3d31e8b94d4b,3.0
DOC_74d6ec24a4fba25b6a8a,0.0
DOC_96764e239f39c9dfeeb5,4.0
DOC_e75f68c544d8d1eb6f0c,6.0
DOC_59f9d90a224fc6c53588,4.0
DOC_829936880a4305e87155,7.0
DOC_e8907d79ffe93d04c387,2.0
DOC_e7742a472b73d35c2767,4.0
DOC_95e4918b6e27a2beec98,0.0
DOC_b8860a51f7217fd97e08,4.0
DOC_3d2bb6a349611be58a66,4.0
DOC_2a61b7cc0dd0f64ef806,0.0
DOC_882c3ffcead256ae51b5,4.0
DOC_8c78fb90022a2d26e54a,4.0
DOC_6799226df855c8982b20,0.0
DOC_b30d5fdbcc8599de908d,3.0
DOC_a16a62279744760e7712,0.0
DOC_665aa355f7ab6748608e,3.0
DOC_69ca132d6cc277a785f3,0.0
DOC_dd47679efe52535573ad,4.0
DOC_834fc3c6d7f1bed0b259,0.0
DOC_fd57a43547cb2248c5b0,4.0
DOC_cb499944bc98ae3da070,5.0
DOC_9145aec27c552424a725,5.0
DOC_65c8728487cf575ecd68,3.0
DOC_9572543ba93b1fbfe96e,5.0
DOC_ee05a526e64342f3db8d,3.0
DOC_4a70c0bc212875c2efe3,1.0
DOC_4db6cfee46e85cd18e00,3.0
DOC_0eb795c52c6fbca16194,1.0
DOC_d4c1dc76d5766e6c967b,0.0
DOC_e7c92cc24c7530ff5095,0.0
DOC_1140e65544eecc11ee07,2.0
DOC_8d74328364ef12f91168,2.0
DOC_39ec63594b20f3eb5a0d,4.0
DOC_c61c7395b66384044bed,2.0
DOC_e348f8a720def9caa1b6,4.0
DOC_8a5b1558c15a068b9888,0.0
DOC_0a7563234f5c5e380e27,6.0
DOC_fc9481503addd12ba2e1,0.0
DOC_73115ef23b6adff69346,6.0
DOC_6f72370c7d08f95d8ae2,4.0
DOC_d3b70844c992aad99367,3.0
DOC_4e3a40629cab68284d89,4.0
DOC_75bdddb68877196c269f,3.0
DOC_4150dcde4b6003562d75,4.0
DOC_68b74cd85798fd34993d,4.0
DOC_73874a7d5bcc27b939f4,4.0
DOC_8b277d7bfaa8e0b26b31,4.0
DOC_be4dff90098638427a36,3.0
DOC_b62966c6f5ea12e2bf3a,3.0
DOC_4c714859cf1fd33ec3a3,5.0
DOC_2aa9583d6614496297e2,3.0
DOC_886b7a3a33e801ac63a6,7.0
DOC_dfc8cd0109e18088f885,4.0
DOC_efb6b201ebb726fe4789,5.0
DOC_e984dd8996c9d1bb4ff5,4.0
DOC_b7a8ba8d804838a2f649,4.0
DOC_6e71e42e08260da438b7,2.0
DOC_61f5c48282c766c8819b,6.0
DOC_980c5297768d27c98992,0.0
DOC_bbe86b4e549c0837dddc,4.0
DOC_5ad4f431c07f6daf5abe,1.0
DOC_513567d01f53b2b33f62,3.0
DOC_03e295557a688bfd389c,3.0
DOC_960b57fcd2ac299d2446,0.0
DOC_299279f736f62178e28f,1.0
DOC_fe57f2222f1b7d3281dc,1.0
DOC_b4f36759f0e3fdb3cf5c,6.0
DOC_a3153d010b69194e17b5,3.0
DOC_c7e7971a24270a306cec,5.0
DOC_6dc88671e59d483a4ad8,4.0
DOC_015504ed7a6c14e99f54,2.0
DOC_c74348b9a421d4773979,3.0
DOC_1f08096a6f5cb0b84863,3.0
DOC_d7f5d37b189b975e3861,6.0
DOC_9a0cc8fc19f2af52d1b1,3.0
DOC_4360f55bd84937fffbf9,3.0
DOC_d2c0de98459a6fa9bcf2,4.0
DOC_6615486ae2d4b084d21f,3.0
DOC_a1cd3a96c68e75943f41,2.0
DOC_ab6cfe8c15e0de3325ee,3.0
DOC_e6614547cebfc88d9683,5.0
DOC_7348134295d8d32e441d,2.0
DOC_00efd0c097cd780c5db8,1.0
DOC_a1e04e8db81c44607b96,3.0
DOC_e484b9d9f8dbd030f2a6,4.0
DOC_99b327c02095e21663fd,5.0
DOC_f67a3b6ba377c9968b66,3.0
DOC_45922470b95f9a7a7348,0.0
DOC_b0c9c1c439105f27c12e,3.0
DOC_800f5707c3f486bca8d7,0.0
DOC_b3892c7c4efe6f82c6df,5.0
DOC_f540b2cb414649b68fb7,3.0
DOC_af9077ae9158ef375ec3,3.0
DOC_c2d59634b715f5623219,6.0
DOC_cd9cb10da2188aadb852,5.0
DOC_c7500371d51c1ee5a2b8,6.0
DOC_fe9e11dac4820b3d3664,3.0
DOC_b2b4f1edb16dfee17b5e,4.0
DOC_426f894c43ac5135e642,4.0
DOC_51f4c36a0a98f47081a4,6.0
DOC_3c229d9b29293b57b355,9.0
DOC_41f1a0995af89cf58299,2.0
DOC_59d9ed64881c2c506a42,3.0
DOC_60f2c762bc04c3556bc5,0.0
DOC_76a1e631af46f2e51073,2.0
DOC_057a8c78773b3373450a,2.0
DOC_1ab183b9fdcfe2548d37,3.0
DOC_ced90a1cfeaafc0f2e7b,1.0
DOC_a5e02a9379879a86ad9e,5.0
DOC_e71317d0e50c3272eaef,0.0
DOC_b78522d0235a7b2725d3,6.0
DOC_62901cd02ee3bb243d4e,4.0
DOC_bfcfa19e07f98e8b8338,4.0
DOC_b23cd6a0ea6be838fbf2,6.0
DOC_3b98374b75fa85d8aec8,4.0
DOC_4ce17f99df7e524173ec,3.0
DOC_b19e151f595e0b223ceb,3.0
DOC_b7a0959e35dd85d3a557,7.0
DOC_91a7a75c63730bf7ea84,4.0
DOC_f68e30c18d9f420ed61a,5.0
DOC_f8ee1e7dc2291ca26842,0.0
DOC_8846d5e95eb1150672fe,7.0
DOC_26d56ddcce080a08871f,0.0
DOC_40583eb750b619cbf0fd,3.0
DOC_8004b0d2656b521efc23,4.0
DOC_3be286836ee1aaf78e29,2.0
DOC_b3e9761ec54b9b1d06dc,5.0
DOC_60c7b1b0da2efefe7674,4.0
DOC_40ca61500264ca3498e4,5.0
DOC_9d480b70ef68d1a9afc4,3.0
DOC_0856790ded62a4a8dabb,0.0
DOC_f68d4b5dc50302f1958b,2.0
DOC_bc747e7fb2c671733981,1.0
DOC_ed694fa78408a528c242,5.0
DOC_64da5963fd227fc2d448,5.0
DOC_53738e3e75e5439be8a6,1.0
DOC_0133e529c7515399fbd9,0.0
DOC_cdc281ba9bb751a9cedb,5.0
DOC_be3cc448776627c0e753,6.0
DOC_f3b1a518d72feacbe10f,0.0
DOC_66d9a88b4148a41cb6e4,6.0
DOC_1a2be2b0aff96149210f,2.0
DOC_e1e089ebc149dc5b4868,8.0
DOC_be885a08613d9951c69a,0.0
DOC_5e6fc6a7ca806dc8fdd3,8.0
DOC_7f274ca9eaf1874146da,2.0
DOC_273ad92341ad1b1852ed,5.0
DOC_d7e9e67ad455919afacd,0.0
DOC_19b4c6a2c35479f6103c,5.0
DOC_6c724c5a5a9624bdc1ed,3.0
DOC_c2966ea139a6a0f02a4e,5.0
DOC_3322c0c4c026e8ade39c,6.0
DOC_3d506a4b4fcc45373925,2.0
DOC_0cc215e97e3991a18e16,5.0
DOC_c1e491d646e6e6003be1,2.0
DOC_81f5612f3da123f7d57a,7.0
DOC_4abb912f136b5d3a90b0,2.0
DOC_0980833351769d2bc11f,4.0
DOC_4ada88803b84dbb58dae,2.0
DOC_203cc9e7557e3de577ce,6.0
DOC_655e25e4b48f46fac33b,2.0
DOC_ecc24be6d37b32361736,2.0
DOC_07012a09168714e57552,0.0
DOC_2d197908bf2659c952a4,1.0
DOC_96856bcb085f432e6286,1.0
DOC_66956c40d75f257f321e,0.0
DOC_8fddb365e3843fc7ba48,1.0
DOC_f60b0b64ce47b5f8c45e,5.0
DOC_4810f225943f4dcc9ffb,4.0
DOC_8d0d351ad290dc6b42c7,1.0
DOC_c673d84f2780774fa35e,5.0
DOC_5aa40d6f201b05106f67,2.0
DOC_02cde08291a929ef5a8b,1.0
DOC_61ce76cf3ab36649704e,3.0
DOC_5c45945ad8ddd7ead5e4,4.0
DOC_79590ffa589c77cf8d19,3.0
DOC_254d65f2cd696ab98a84,3.0
DOC_34eb57ff17100c7f85f6,3.0
DOC_72c9b56b13e11a82e9ba,3.0
DOC_6880620d2d56a635df40,5.0
DOC_627f14cbd13b97658d36,2.0
DOC_853f6d4c38cd774d7dca,3.0
DOC_7722da30409f23563b13,3.0
DOC_e58c6b1ee0602c641d77,2.0
DOC_8fa73cb4fc7951c06ee0,4.0
DOC_2c199ba5c7689f03768b,4.0
DOC_2b23b89b1e958850aec2,3.0
DOC_9cddb72e2b8e9fa9c5c6,3.0
DOC_8d76add5dd9f01050ea5,2.0
DOC_2e846218e9bced9fab4b,0.0
DOC_777a5e239590f0264475,3.0
DOC_5832468bbfdc3d800175,3.0
DOC_760d3ee57a3bab27dc18,6.0
DOC_b8fdc92ae1bdcb0f4c47,0.0
DOC_374f173a52d501d92a03,0.0
DOC_8b767cd8d9989fb9b7ad,5.0
DOC_e8677232444bfdf0ad00,5.0
DOC_96d8142847f3bf8be5ed,3.0
DOC_2ed9a2a091acb22e6457,3.0
DOC_883b3a4696af8ba05465,4.0
DOC_bf3134f51f1dc36cc12b,6.0
DOC_d966c0a6ac024511bc96,6.0
DOC_1d28dc11d2e23b5b5372,8.0
DOC_f79eba77044a78bca590,3.0
DOC_84f9a0012ade9caf1f7a,2.0
DOC_b59891d257df81fec882,0.0
DOC_6f651a74fd57ba7f3793,3.0
DOC_0722f006612f0b1c87ee,2.0
DOC_448b1866031a869f558a,3.0
DOC_41ba094e3c28e58e64c5,1.0
DOC_d7ca11f0c722ccc06f16,1.0
DOC_c62c0777b77cecfbcc68,0.0
DOC_8056c9e3f2d8cbebe845,4.0
DOC_b638d23150e995688fe8,5.0
DOC_61cd7c964ba7cc393ec3,2.0
DOC_8fbda0cf4ae7b17fe924,3.0
DOC_16ff11eee76e3cd42318,3.0
DOC_a971197e49701c15bd65,3.0
DOC_355b6b4a6f71492b242b,3.0
DOC_19a5e35be672603b0021,6.0
DOC_0a7e7d86dba75d2fbf7a,5.0
DOC_e638c180639cfa837c41,3.0
DOC_84e44f8649cc4ddfd0ee,7.0
DOC_259214a388582ec06c2b,5.0
DOC_49cd55e82aac32e47dba,1.0
DOC_cfc82d0241d8afe73e5e,2.0
DOC_d9660feca93fa85e17e1,3.0
DOC_3255ea6bcdfbb29f7f41,3.0
DOC_a65fa9a18ee4a1905f71,5.0
DOC_7f70857b62c1432b37cd,4.0
DOC_9ad453ea25a6cb5b9f82,5.0
DOC_2f50173177adca348983,3.0
DOC_77f78241a54db82bac27,0.0
DOC_6a0ab71a06eae41fb9f1,2.0
DOC_ae39a3e5de61751ef1f1,0.0
DOC_a63b35a1cf078705bd53,5.0
DOC_2391067b0f2dd6fc2780,1.0
DOC_c4dc808f8463ab1f7747,0.0
DOC_ef98c76df46d0cf36229,0.0
DOC_d2f2c1d93b2308e48952,6.0
DOC_8b7fee9c32af717e2f31,4.0
DOC_8247135c104dc7dfc7c1,0.0
DOC_441839a2002bfa3de034,6.0
DOC_b8d3ebcc7e0ec9c68eef,5.0
DOC_6971a84f72355089bc31,4.0
DOC_a3c685dd07ba5dd04824,0.0
DOC_b7e6203a9038575c115c,3.0
DOC_9bb0dc2644cb3c830002,4.0
DOC_78fbdcf8ffeb363e5b75,3.0
DOC_b0472092a02ea6f53aae,7.0
DOC_d66e3afd27176aa100f8,6.0
DOC_77b7c1323b22df004efb,3.0
DOC_5fc414b4b5e9f08a5f5e,5.0
DOC_7544e9ccda12285bb3b0,0.0
DOC_b6ebfdb694a34f69349a,2.0
DOC_2b7c4cbd9d1c961efb97,5.0
DOC_836004efd21fdf33fcad,3.0
DOC_c11e0abce59da8db892d,0.0
DOC_0ac1e014c2ce66884dc6,3.0
DOC_679b042ac123bdae5609,2.0
DOC_ca175ded1ae5c600e8d9,1.0
DOC_d087e37dae5c9cd505fa,0.0
DOC_5e9df3c42cd1216c640a,4.0
DOC_2add56b07fc435d6896e,4.0
DOC_bff25cb8ad0b3f77efff,4.0
DOC_076077bdf36df961c127,3.0
DOC_ad3ebd9325af6b72156f,2.0
DOC_10083f2d93d0e357dd99,4.0
DOC_247eee64c2d193b3a536,4.0
DOC_a7bd985e9976adcbfa60,4.0
DOC_461a0cf92b68de1b222c,4.0
DOC_2e3725e746deb5b0a4cd,4.0
DOC_4331fa58ef0f3632be72,3.0
DOC_4786204499c762c40e15,4.0
DOC_d7877404b721fd51b40b,8.0
DOC_09ede1e93aa8bb8d0b15,2.0
DOC_e1e06e0937871956ca31,3.0
DOC_3d563502c193025c9abb,2.0
DOC_985ef83287f386ce7ece,0.0
DOC_ca84e257971be51c190c,2.0
DOC_6bfa21ea0838b20f24fb,5.0
DOC_918a3bf651c27190141d,1.0
DOC_d9d553cb244d9ca55ceb,5.0
DOC_53109460ea41a6c87a22,2.0
DOC_382600004ef9cd1de42a,6.0
DOC_72d582881f2f931ae730,3.0
DOC_3a67a01c39063523d326,3.0
DOC_ac73f8b0f60e7a38bb70,2.0
DOC_4329f9c9cc1258c89a11,0.0
DOC_5dfbeb802671741c821f,0.0
DOC_6179247f7d5b97ba4a24,0.0
DOC_bbfc9d115c2ea699040a,5.0
DOC_d58d5ac985460ed34b9b,3.0
DOC_bd2fa627e750736b3c3d,7.0
DOC_6fe6a15599282e4ab140,4.0
DOC_d106bd0785e610abd615,2.0
DOC_c3054600ccee7168d43c,6.0
DOC_df96118a407c501b835e,0.0
DOC_dbc3b57a3b756c2ecfa0,2.0
DOC_7727e991439c8a8b9415,5.0
DOC_5c40fb774649b589f47a,2.0
DOC_8a721923c9dbe12bcc3f,0.0
DOC_b51e613a97d70e543d75,4.0
DOC_33b053af56d10a2a1977,5.0
DOC_b77d75e4596d3e6122f3,4.0
DOC_d8a506f499861945e816,3.0
DOC_de369e54ca172415871a,3.0
DOC_46908fd27c296d7adb08,5.0
DOC_94673c8bee0bf26302b6,3.0
DOC_9f33cfd17e283cefa869,0.0
DOC_0065157b282cb455ab47,4.0
DOC_4e41895226105d4d4773,4.0
DOC_2ba26d5089ba5fec100d,2.0
DOC_144c247601cbe21ed445,8.0
DOC_732a6ac87ea002850b91,2.0
DOC_43959c5f4b22e8e6b714,5.0
DOC_34c581ac590df427d746,2.0
DOC_788f73cf09de6b4f1514,4.0
DOC_f79e53ac7816fed630f7,6.0
DOC_bcfbdf1e7e288109262a,3.0
DOC_eeb712eb8df4ffa46a23,2.0
DOC_a9056e542b5d4b675df4,5.0
DOC_46c448899bd8a282ce8d,3.0
DOC_6f29aa9f84b7483ba828,5.0
DOC_e8532520057fc449fc6d,3.0
DOC_f6ae97c7c745da7f3e0c,0.0
DOC_855b6a00598e0f70ec3c,5.0
DOC_0079d200c4b9cae86eba,1.0
DOC_24a48b42db66eba34c3e,3.0
DOC_a5d5f804deec026c99a0,3.0
DOC_1644ab6123c4b943d7e0,0.0
DOC_9f75e14ca9bab688fe28,0.0
DOC_4a60ea6d7db844e2ebac,5.0
DOC_1288e5c8d7ddff3c46f9,4.0
DOC_e2813d7981b7950a11ad,4.0
DOC_8f7219281c6e616dc2aa,3.0
DOC_5759bf1af24507478d5a,2.0
DOC_07e8adc22e03ba8180b8,9.0
DOC_b3acb73e6f04868f8d24,4.0
DOC_6338d9f2e25ed3ae00db,4.0
DOC_d28ab542ce016e94a30d,0.0
DOC_3e803c094cf2b35ff315,3.0
DOC_35fb741bd9ee79d53b29,2.0
DOC_8e2803d9677f3e89f183,3.0
DOC_38904cb8d027650e95ed,4.0
DOC_db2c7379e11c5ddc85b5,5.0
DOC_b3d2546c670c6209ca26,5.0
DOC_d69e8ed3d8349ceed513,0.0
DOC_72486298acb4e20d9362,5.0
DOC_bd9936930ff279a00b1d,1.0
DOC_38d6d09dfb3c633ecac5,7.0
DOC_6c26f020aaca5bbb3419,5.0
DOC_9172a192663718e88ccf,7.0
DOC_98095748829992e6faa6,12.0
DOC_deb446427b81545b58f9,8.0
DOC_8a03842f72912867bafb,6.0
DOC_5271cdef685811b8115f,5.0
DOC_a3e16dab120b745e0052,10.0
DOC_ef81ba8c0334572b61bb,5.0
DOC_18e468249ebd9876eb63,0.0
DOC_6bcc6e7a8ab8a75152d1,0.0
DOC_bc0794500017fc112fc1,5.0
DOC_e9aca9d7c4c5fdb774a0,4.0
DOC_9071185b3287d4b26480,4.0
DOC_914513ff4ba2019c2a41,4.0
DOC_045f755933fee932bce7,10.0
DOC_568fb2c354138a829d45,4.0
DOC_9fc1cda35f83dd3ac4f2,4.0
DOC_4faef95bb0562fa5f716,0.0
DOC_12089f849acbebcf8292,6.0
DOC_1d8e03a1f3927c2c1d2b,4.0
DOC_5f71603ce545444faf59,4.0
DOC_91729cbb094b49ec283f,3.0
DOC_74e1eda8c4dc92c05b1d,3.0
DOC_867080797e3816cf4e69,4.0
DOC_27bbadaf44e8c14ea102,7.0
DOC_c99a8d38b1b95aba97d9,5.0
DOC_d9451ca6fa1979881bdf,4.0
DOC_a450f5eae00c4aa968db,1.0
DOC_4d9c060f2dcf59f1b4df,0.0
DOC_b4e6346dc904f7985ccc,3.0
DOC_c6727f8f401a06f71943,2.0
DOC_54312c0221c2cf633011,2.0
DOC_40cf405ec2b11699c9cd,3.0
DOC_d819ab15f45b334cc5a9,5.0
DOC_b2399987244768fe5dec,5.0
DOC_ff9a7edabc027ba88025,1.0
DOC_4ec959af7961b0e6ac9f,3.0
DOC_23bbd08e0620efc65d25,2.0
DOC_43d6a951ba3d06eaa296,6.0
DOC_6c0b95b5c879c28575fe,2.0
DOC_4741f80c9adde868f7f0,1.0
DOC_4bbe3f64697a1f74ca6d,2.0
DOC_b29d389350c2f56439ee,5.0
DOC_c688a2c90acee5e0a623,5.0
DOC_06a599a954c6fdfddab1,4.0
DOC_6224b28293a1032586da,1.0
DOC_8bb46d45146969cb0647,5.0
DOC_4a3600478e6a9f1380d8,5.0
DOC_caeb25d7cce511d64a47,2.0
DOC_e93584eefebaf5370b0c,4.0
DOC_0a1c551c6c4f720b94d0,2.0
DOC_98cc0a45ad1d6a0e9c2a,3.0
DOC_f09ffc6b08762b862e22,3.0
DOC_b5035a7ef78e8ce6ace8,3.0
DOC_bb8f5b1131aaefbbe43e,5.0
DOC_48d71b157b10dff19ee5,4.0
DOC_7f489adcad39a1ad4f98,4.0
DOC_2a834f058986623c2424,7.0
DOC_bca0a5b6464ae1102170,5.0
DOC_98764ce4319af368492a,5.0
DOC_9d5ab55e05a91199b8ad,6.0
DOC_0c82ccca5226181fcf5b,5.0
DOC_b7f74836ed48ba7fd7cb,3.0
DOC_c505b3dcd7183e74cb1f,5.0
DOC_bbc13ffa5c9dce43c34f,0.0
DOC_4e36803b12a4c7eb9f4d,7.0
DOC_1bf35b30d8a06a0ef81c,3.0
DOC_8beecc2421a8ae8547c1,3.0
DOC_748bcf9ed6c481fe5416,7.0
DOC_f993a49ccebbe78f13b7,4.0
DOC_8c8b180aa3e06518c378,5.0
DOC_562fae3a7e15255b98b3,6.0
DOC_cf51c7d0476ad39b7714,4.0
DOC_81e5c31792ff5bec6e0d,4.0
DOC_32ed62952d9bc590a68c,3.0
DOC_9fc025b7c7f843b34fc0,3.0
DOC_0dfa13ddb861acc5dc31,4.0
DOC_6419f488cebac17f11b6,3.0
DOC_d61f20322dc45d39cff8,3.0
DOC_e9f1e31178a9666283d1,7.0
DOC_06308ce67480c5d3d28a,2.0
DOC_3152f616a830ed5a01cf,4.0
DOC_47f87c496df79da63582,3.0
DOC_c3848a93c6b3b14ed160,7.0
DOC_bec5c184d437144bb498,5.0
DOC_4c6a726b12f4868a8b54,5.0
DOC_d922fb02630770948e93,5.0
DOC_80d5fc30165e44761987,5.0
DOC_b461166ab57bf00394a0,6.0
DOC_7c17decfa010f2c657a7,8.0
DOC_60a8eb69dde22a1e4704,1.0
DOC_367304d226755bd32aa2,2.0
DOC_00f1a73d2b123e859c68,7.0
DOC_ba9bf7066a0a415ef0f6,5.0
DOC_45c5d304adc91b977a66,6.0
DOC_da9b0553ecfb06152b64,2.0
DOC_ae06018f32fa6c8dc7b9,1.0
DOC_e9d760ba04168f551b79,5.0
DOC_b69ec985bf3141286b11,1.0
DOC_0fdeefbf2d5019c355df,3.0
DOC_9e422c66c9b06df1c288,4.0
DOC_6d3a3961ce7093668d2e,6.0
DOC_1b805d7c77e652a79fea,6.0
DOC_b78c6ac91aa28d56b1a3,6.0
DOC_8cc85576ae0297a3b96f,7.0
DOC_6ab05cb47cd452600306,5.0
DOC_f08701564b868b78c14e,5.0
DOC_b13da5c2c7cc7c391056,3.0
DOC_4c0768bd32aef460ceda,5.0
DOC_ebaf6cc975cfada78225,2.0
DOC_79531475584763a4f7d9,8.0
DOC_6d25dab94864fb8e8d3d,0.0
DOC_e579f04bd10d3479a76a,1.0
DOC_460ed2a9244f3106282f,2.0
DOC_7cb75ee46be4c070aff2,3.0
DOC_2bed8ee297192e145626,6.0
DOC_b0275ead3c07a2f758c9,6.0
DOC_f2f7d46c7c8da5d8a586,3.0
DOC_be3aff5ebdb81a02262d,3.0
DOC_4da1cbb7c78223d567c2,0.0
DOC_b871db46b40378e6fb4c,0.0
DOC_71bb87ca673623cc0cd7,4.0
DOC_8466a2df814ad998770d,1.0
DOC_b872ac290cd580ee4961,6.0
DOC_d5b6aafa965d96bd07e1,2.0
DOC_f72446a8f486bcf68b4a,3.0
DOC_593307b1837ab307a457,4.0
DOC_74d6584684ead7608e54,1.0
DOC_cc649e42ec827dc9d392,0.0
DOC_d59d9cd7bc907417b822,5.0
DOC_2ece8b5a61095ffad4c8,4.0
DOC_1854ca3720d84c7b2c2a,4.0
DOC_d5c6515cf76ca135c218,4.0
DOC_8ff73475cf6e2296e957,2.0
DOC_4beae5d846d1dd205f8b,5.0
DOC_c2138f939bb41e545468,2.0
DOC_35b203a5fcbb977b4fde,5.0
DOC_a56a27c61965f4aed826,4.0
DOC_23c7ddaa0bb2c117dcb8,5.0
DOC_55da604b909caed05a6c,3.0
DOC_26cb7cdb161af9a77ed5,0.0
DOC_60f4906ffa64aba2b2b2,2.0
DOC_fe2738fcf82a368295b5,5.0
DOC_dca08a1410bdffdfc299,6.0
DOC_aeb6a0c5aa586d3d7863,3.0
DOC_9aed3deb4345c08013cc,8.0
DOC_6783cb9052a579d68efa,1.0
DOC_cfff07b4bdf78d3a65f5,0.0
DOC_9c510c3286ae2424d674,4.0
DOC_94ff8cbf895737e6a0ca,4.0
DOC_b339d19aeb6987657688,0.0
DOC_ed2feb6d3ef4f3965e41,5.0
DOC_7e0386366a6992242188,0.0
DOC_b4eb526ec159c6dc9a09,3.0
DOC_d0927d03bfeec0d14bb5,6.0
DOC_ade2f0383a3f5b1de5da,4.0
DOC_1b5fa4202a5336691e05,2.0
DOC_bc716425318bf089ac47,5.0
DOC_1b571189c4784a4379cc,5.0
DOC_867cb5bee6bf359dcae4,5.0
DOC_930b49c66548cd91262b,1.0
DOC_0d226ff3724b5513ddf1,1.0
DOC_ce45c1ca1a49bc226ea6,1.0
DOC_405914713983bb83eb2d,5.0
DOC_63bad71788b3582b0023,3.0
DOC_4f8f34bd43cb0cbe9ebd,6.0
DOC_e0c4d04eff4e41146b7b,0.0
DOC_df8ef470580dfcb1e081,4.0
DOC_0ed1cf701e8c9ecd1fdd,0.0
DOC_e399a8ab2387aaee390d,6.0
DOC_10add25b4e4d64502898,2.0
DOC_525dee9964a67f802a32,4.0
DOC_d394cf1b411b278b1d2e,4.0
DOC_05f3bd10f5404ccdefc2,2.0
DOC_1c86df10f95e2e020329,4.0
DOC_227faa1c6e3720a0d58f,6.0
DOC_1297a3a4746fc325d90b,3.0
DOC_94737e29f37386999a83,4.0
DOC_c145a03f7ab1536ea6aa,7.0
DOC_66737d8f0bf3aee4fba8,1.0
DOC_a0929f4c5fafa7c1d205,4.0
DOC_e04e3d50265caee8afd5,7.0
DOC_2df0827cbf6dc712be07,6.0
DOC_09c3c1f0f3316ac7444a,3.0
DOC_3ea50aea305cc5318449,2.0
DOC_c8b7313a688f9dd92b13,2.0
DOC_931898ade14cf6e9df7b,4.0
DOC_24aefb418bb75fbd252c,4.0
DOC_584c4093d7246f19f6ef,3.0
DOC_369005544c7d2d26fcc4,14.0
DOC_0dbacb149491d22d54cb,4.0
DOC_96229c70b631ce1a440a,6.0
DOC_3e92f22edd5498ccd484,5.0
DOC_8ae3cc4e7dd068c49428,3.0
DOC_cd6c98ba2ce6611f9228,3.0
DOC_c3d6611b37850e12dcd7,3.0
DOC_ab5809b146db15f5d8a9,4.0
DOC_1997a94754c642d7c1e7,1.0
DOC_7f68243a08f8238fd6fa,4.0
DOC_c4401757d98732c80c1a,6.0
DOC_a66dc72a34b5de05da1c,4.0
DOC_538f8763fae4faae4884,4.0
DOC_238a43e17dc272be7328,4.0
DOC_405a8483eca70ef5bd16,5.0
DOC_49d4795a2cb0ce74ab1f,4.0
DOC_fec942c16be995d6c8dc,6.0
DOC_cbe67afa3a7cd831a0c2,6.0
DOC_6538e4715f90ab578f64,3.0
DOC_6f2e864e6f9a4e9c20d4,3.0
DOC_501c864af577b8b9b29e,4.0
DOC_0e0840bdc9b33a74b007,6.0
DOC_05140982d64608315ee5,2.0
DOC_5187433ae81aea546a6c,2.0
DOC_085e92857244dcf79f96,4.0
DOC_ea746d2c15722ed1acde,4.0
DOC_0ebe845e8276e1928341,1.0
DOC_86197fd7f464e18ba5c6,3.0
DOC_9d5682ddf0c1a7f4f882,0.0
DOC_8a3dd13f9176186fab1f,6.0
DOC_da52efb0dde063b02ce7,4.0
DOC_cbfd850be76396697805,6.0
DOC_7269d92fcb59c2d828ea,0.0
DOC_38d82a8078348bf3eec4,3.0
DOC_2efb4b26a4cd9d927da3,5.0
DOC_066e10e2941b414a7abd,5.0
DOC_e38b1212edb1b8f7f192,2.0
DOC_42e5a26a4fcc93195d73,3.0
DOC_1425b1579a417b81f764,2.0
DOC_04bcae351959dee96bcb,3.0
DOC_a1f8b8cb7fe5e8e89bbf,0.0
DOC_bca41029f6423e024a51,1.0
DOC_e6518e7f9829230bf8ab,4.0
DOC_3604784d5e4feb58b513,2.0
DOC_234685e9ba5a45970a78,5.0
DOC_3c118ac4f80e53cf3d61,5.0
DOC_1d4f78d058766327d118,2.0
DOC_0888c7b04f8fbd25efd7,3.0
DOC_11796d5a0b2b9d22f5b6,3.0
DOC_68f6196176af2614ba34,2.0
DOC_4bbf013a031d450a5768,2.0
DOC_b98a13619374b86a7bea,4.0
DOC_f184dd3f806219c7ae62,2.0
DOC_f7466899b1818ad41f92,2.0
DOC_1735de46e75a53cc8dcf,3.0
DOC_a8e63298b818e2e65a81,3.0
DOC_f6a4401624acddf95c6d,3.0
DOC_f67411700c0fed270cdb,5.0
DOC_d29fc67981bbd2d63438,3.0
DOC_b00549d16075a6c25f2a,4.0
DOC_19a70d39ce1ee9a726c5,4.0
DOC_5ddce6a6f3fd79936edf,5.0
DOC_f829546502c18ce11d5b,4.0
DOC_400e590b7d4d6df6ddf1,7.0
DOC_22c48a18d98bec4adaab,4.0
DOC_d30d33154ad7fc651acb,4.0
DOC_f337764991ac95a057c2,2.0
DOC_0e2a1c39ab4b0a19867e,4.0
DOC_4de30d33b6e065ab4a12,4.0
DOC_1878e692bd4a2d3a45bf,5.0
DOC_da1d5d67a86168f27a62,3.0
DOC_3f8001301552fabd72ca,2.0
DOC_b68c00e55f889195a670,6.0
DOC_3d931627f5f8fc18959e,4.0
DOC_4a5eeab056ae2fdd7497,3.0
DOC_287fb70a90cb1c380d0a,7.0
DOC_570df38289ea3d9ad87c,3.0
DOC_397a7e9a5a7a53052ba0,3.0
DOC_c14d7bc5ce98524bd4b5,4.0
DOC_a53f065a9f7431bd39a9,4.0
DOC_52ac38a2d5f8ec9f5091,1.0
DOC_87e37f8b2f1bfd497323,2.0
DOC_3f1f63cf2fe43428f19f,4.0
DOC_a45e7725947dfa6d3123,5.0
DOC_b143ca94237839934cab,4.0
DOC_56c8cbe0a11dc2cc673f,4.0
DOC_234d9344e3681ce459ed,5.0
DOC_d235023c9e237a5754f1,4.0
DOC_c0c0321f9f1662bf8b7e,3.0
DOC_862da95a552cef776710,3.0
DOC_13564890fd3d45d2b6b4,0.0
DOC_a1f206870ffe2449042f,5.0
DOC_936d2976c23c86a4c879,2.0
DOC_ec4fb08bcbd2b0e1ff86,3.0
DOC_f957b2c8bcb4af487a0c,3.0
DOC_cc20944eb4639847fb6b,2.0
DOC_fe0e282448e0e73ee56c,3.0
DOC_1d30a433071d4ee337f8,5.0
DOC_c25c4cdd64a83282c7b1,3.0
DOC_8e3fdc21ba53ba833842,3.0
DOC_8c0d7b140b6bf53e01e7,2.0
DOC_17ad41d8067989f82f6d,3.0
DOC_d1c300c7f3f04830b53c,3.0
DOC_c719089015e7e8987b57,4.0
DOC_1f4e74a22ebba4a7749f,3.0
DOC_e645d9e1d934a8d85fd5,3.0
DOC_56ec8355a61863f852cf,3.0
DOC_979c292d291fd9f3fd7c,2.0
DOC_2f9b7af68f9099b2f072,4.0
DOC_cb51bd91aff72f363f1e,4.0
DOC_59ba8dee0402049e7af8,2.0
DOC_df3c8d13e294b0a240ea,5.0
DOC_dcea5727cda957d7500c,4.0
DOC_87bd720fb7db3498e576,2.0
DOC_5aa44443a8d6ce8d2738,7.0
DOC_940f8253b04d152dbdcd,2.0
DOC_822a5e7daaf038e5fccf,5.0
DOC_b8a39e3ab928f3315f0e,3.0
DOC_d674b0164e4ec24b046c,3.0
DOC_5901e5efbe2fe0d4c786,0.0
DOC_525c85406e9b9cab9229,7.0
DOC_a80753e372cb1e8d04e4,0.0
DOC_d4f13492fe76f8420d1d,6.0
DOC_d58d6552bb82e8587b2f,1.0
DOC_bcdedcb33d1908666ba7,4.0
DOC_f80396f35943f9511ce5,3.0
DOC_9df1730a4a39bd2df919,3.0
DOC_a683ee526c160df38494,5.0
DOC_c34c11e5febb8c622595,0.0
DOC_ea337e2c49bb657d9fee,4.0
DOC_e5e795eb99ff5b9342bb,4.0
DOC_b1912bb984876b4018af,3.0
DOC_e53d106a721c91a5807f,1.0
DOC_1877caf6c8c0f6b22c26,3.0
DOC_ed9d42bf072a1eb502ef,3.0
DOC_48ee688cbb2278d1355a,4.0
DOC_8c427d3e0d5d8c4a0e5d,5.0
DOC_2d56408344d47ced7678,5.0
DOC_5dacc75abcfa962ded6d,5.0
DOC_de4412daf14e94a77bab,4.0
DOC_80cf2de640aac45f46e1,6.0
DOC_4a9f7afbf182052d2b22,0.0
DOC_66994ac416ddd80366e6,4.0
DOC_538c1d62bdd4c9d71bd8,0.0
DOC_7f39fb24b97617a6768b,0.0
DOC_47db597c740f8e2abda1,0.0
DOC_1bb2934e8ad11d8b954c,0.0
DOC_4103f647cfbb7c932447,1.0
DOC_87ab1eaa49c6434f1ec7,1.0
DOC_e852629db8918fcd94e0,0.0
DOC_4564482e6df61cd952f3,1.0
DOC_fef33f4f74c1bed9880d,1.0
DOC_73a19086e2bd6dc7860a,0.0
DOC_2cbaf26f0e65ca9e0c31,0.0
DOC_3f9fc69f013a7ada38ea,5.0
DOC_e8012f1ab9633b57a050,0.0
DOC_38ae4f080d44bd00e72b,3.0
DOC_5cddab30396685f13e12,3.0
DOC_0c8552eab4f182bf42ac,7.0
DOC_648252b1d6d27e8c4522,6.0
DOC_90a76d1c8cb7b2286bbb,1.0
DOC_a79650b913d5b54a9fd1,1.0
DOC_13acdaca51c6fd5ec028,7.0
DOC_73f3478b7a9cf80442f9,3.0
DOC_49d1543d346a3b0520ab,0.0
DOC_ea0657d7646b4961e92a,0.0
DOC_960be21aa649153e1cd3,3.0
DOC_3277129c5119fb52e1ce,4.0
DOC_2e1d941bc1676d6e243d,0.0
DOC_4d78067c4032126f2e23,0.0
DOC_53b566391c3e24b35f00,0.0
DOC_0747413410ec8ee396e1,4.0
DOC_f12f6c721d578048ba8d,0.0
DOC_4ee04022e42eb03226bf,4.0
DOC_81d8652a00c3e30617d2,3.0
DOC_0be0a900814703a2d7ed,2.0
DOC_8eafbc8f148b0b8cb122,4.0
DOC_c7ba049bee6f4024648a,3.0
DOC_c1279c530380bee91bbc,7.0
DOC_fd5e2f917e5e1827224f,0.0
DOC_096f137b7ac818ebc33a,0.0
DOC_f3e1e940e80919ee9a64,0.0
DOC_ac0f7c85b87e04e610b4,0.0
DOC_eab73df34de506561626,0.0
DOC_0c9392c6e556db1d2700,0.0
DOC_3ebab884f2e19de0f4ba,2.0
DOC_70f58a421f34c63e6aaf,5.0
DOC_a0d8395b2bdeb0609c54,4.0
DOC_e536db9583892a90b79e,0.0
DOC_388c67cb244c28bfc747,0.0
DOC_a255cfd2fbc208047a27,6.0
DOC_1b158b15cf3004b2c086,8.0
DOC_11823cd1c679dfe10ac0,2.0
DOC_008b1fb6a31622e62912,5.0
DOC_fb48a064bfd721899547,0.0
DOC_07f756c90001729114c8,7.0
DOC_c698f387a3d58ae51a51,4.0
DOC_710eb30615f2ba10c61b,8.0
DOC_0cdd2caaa110ca360bf3,2.0
DOC_68648bcfcc73dfbdb63b,2.0
DOC_4576ebca06c8d2e34653,1.0
DOC_fb53eee34b0f9b6ce21b,0.0
DOC_678fce0091c6aebf10f7,3.0
DOC_1bd8f098666389242eb0,0.0
DOC_f7e4e0a4358ba8aede1c,0.0
DOC_1339269cf7a496897bc1,5.0
DOC_5ec79acf2016f5a40b3f,7.0
DOC_b82ab209df1f46f17c9c,1.0
DOC_a2b0e9352eeab57853d3,2.0
DOC_849a394b628c351ca43f,0.0
DOC_da15cdfb98f0923cab91,0.0
DOC_a5122fd35e64aae06e81,4.0
DOC_0576087f544593e70d21,1.0
