surface,count,rank
cap cyra-d,95,1
cap irazole dsr,87,2
tab dolo,82,3
tab dolo 650 mg,78,4
syp looz,33,5
inj monocef,33,6
tab montair-lc,30,7
inj pan,28,8
inj emset,27,9
syp reswas,25,10
tab neurobion forte,24,11
tab azee 500 mg,24,12
tab drotin-m,23,13
tab azee,23,14
tab naxdom,22,15
tab augmentin,21,16
tab ebast-m,21,17
inj optineuron,21,18
tab augmentin duo 625,21,19
tab cyra-d,21,20
syp sucral-o,20,21
cap uprise d3,19,22
tab augmentin duo,18,23
tab thyronorm,17,24
tab ondem-md,17,25
tab tryptomer,16,26
cap rabium dsr,16,27
cap razo-d,16,28
inj mol,16,29
cap bifilac hp,15,30
tab bilazest-m,15,31
cap triscovit-od,14,32
tab caliska-cm,14,33
inj emset 4 mg,14,34
tab dytor,14,35
cap uprise d3 60k,13,36
tab augmentin duo 625 mg,13,37
syp sucrafil-o,13,38
inj pantop,13,39
tab zerodol-sp,13,40
syp alkasol,12,41
tab levobeta-m,12,42
cap cyra d,11,43
syp mucaine gel,11,44
inj pan 40 mg,11,45
tab telma,10,46
tab pcm,10,47
tab dolo 650mg,10,48
tab augmentin 625 mg,10,49
tab shelcal,10,50
tab a to z,10,51
tab drotin ds,10,52
tab supracal,9,53
syp alex,9,54
tab dolo 650,9,55
cap pulmoclear,9,56
tab carca,9,57
ors water,9,58
cap irazole-dsr,9,59
cap. cyra-d,9,60
tab abflo-n,9,61
tab drotin,8,62
inj emeset,8,63
tab aldactone,8,64
tab lcz,8,65
tab zerodol sp,8,66
syp sucralfil-o,8,67
inj mol 1 gm,7,68
tab zifi-cv,7,69
tab montair lc,7,70
tab oflox-oz,7,71
syp k-mac uti,6,72
tab naxdom 500 mg,6,73
syp omez-o,6,74
tab udiliv,6,75
tab limcee,6,76
tab triscomax-lc,6,77
tab cobart-m,6,78
tab irisovit od,6,79
tab pan,6,80
steam inhalation,6,81
syp reswas-ls,6,82
fosfomycin sachet,6,83
syp sucrate-o,6,84
tb. dolo,6,85
tab pulmoclear,6,86
tab iriscovit od,5,87
tab bandy plus,5,88
syp aptivate,5,89
tab iriscout-od,5,90
tab triscovit,5,91
tab irazole dsr,5,92
tab cilnidipine,5,93
tab folifil,5,94
syp ashtakind dx,5,95
tab iriscovit,5,96
tab dapa,5,97
tab levocet-m,5,98
betadine gargle,5,99
tab shelcal hd,5,100
tab rifagut,5,101
tab ecosprin av,5,102
tab drotin m,5,103
inj lasix,5,104
tab zifi,5,105
syp cremaffin,5,106
tab orofer-xt,5,107
cap omez-d,5,108
tab me-12,4,109
cap bifilac-hp,4,110
tab thyronorm 50 mcg,4,111
t. azee,4,112
cap irisovit-od,4,113
syp sucrotech-o,4,114
cap omez-d+,4,115
tab pcm 500 mg,4,116
inj rantac,4,117
tab vertin,4,118
tab zifi cv,4,119
tab zinvovit,4,120
ors sachet,4,121
tab irisovit,4,122
tab zerodol mr,4,123
tab iriscovit-od,4,124
inj arachitol,4,125
sachet fosfomycin,4,126
cap iriscovit-od,4,127
tab triscovit-od,4,128
dolo,4,129
tab dolo-650 mg,4,130
tab drotin-ds,4,131
syp ascoril-ls,4,132
tab irisomax-lc,3,133
tab shelcal ct,3,134
t. montair lc,3,135
inj pantop 40 mg,3,136
tab nodosis,3,137
syp grilinctus-bm,3,138
t. pcm,3,139
tab metrogyl,3,140
syrup a to z,3,141
tab telma 40 mg,3,142
tab irisovit plus,3,143
tab becosule,3,144
cap uprise-d3,3,145
isabgol husk,3,146
tab aceclo-p,3,147
tab irazole-dsr,3,148
tab gabapin-nt,3,149
cap irsco-pro,3,150
tb. montair lc,3,151
cap pan dsr,3,152
t. augmentin,3,153
tab ondem md,3,154
tab calsha-ds,3,155
tab heptral,3,156
ivf ns,3,157
tab ebat-m,3,158
cap irazol dsr,3,159
tab b-complex,3,160
tab iriscout,3,161
tab me12od,3,162
tab caliska-ds,3,163
inj thiamine,3,164
inj metrogyl,3,165
syp. omez-o,3,166
tb. zifi cv,3,167
tab atorva,3,168
t. dolo,3,169
t. dytor,3,170
tab atorva 20 mg,3,171
tab silybon,3,172
tab cardivas,3,173
inj pcm,3,174
tab iriscout od,3,175
tb aldactone,3,176
tab vertin 16 mg,3,177
tab triscovit plus,3,178
tab allegra,3,179
tab me-12 od,3,180
tab pantop,3,181
syp sucratek-o,3,182
tab irso dsr,3,183
tab iriscovit plus,3,184
tab calshine cm,3,185
tab montair fx,3,186
tab glycomet sr,3,187
cap lyser-d,3,188
tab ultracet,3,189
tab tryptomer 10 mg,3,190
tab glycomet gp3 forte 2/1000 mg,3,191
tab fluconazole 400 mg,3,192
tab becadom [unclear],2,193
t. neurobion forte,2,194
fluconazole 200 mg,2,195
syp sucralfate,2,196
cap irisovit,2,197
syp sucralf-o,2,198
tab levoset-m,2,199
tab ondem,2,200
cap irazole dsr / cyra-d,2,201
tab janumet 50/500 mg,2,202
tab atorva 10 mg,2,203
tab rosday 5 mg,2,204
tab suracal,2,205
tab tramadol,2,206
tab lariago ds kit,2,207
tab pregaba-nt,2,208
t. ecosprin av,2,209
uprise d3 60k,2,210
tab minipress xl,2,211
tab sodisave,2,212
tab shelcal-ct,2,213
tab sevelamer 800 mg,2,214
tab levocen z,2,215
t. altraday,2,216
tab arkamine,2,217
cap corus,2,218
syp. mucaine,2,219
tb. cobalx czs,2,220
cap cysad / cysal-d [unclear],2,221
cap zincovit od,2,222
tab shelcal-hd,2,223
syp ambroxol,2,224
inj augmentin,2,225
iv fluids ns/dns/rl,2,226
tab irisovit-od,2,227
tab hep c vel,2,228
tab montek-lc,2,229
tab montek lc,2,230
tab. cyra-d,2,231
tb carca,2,232
tb dytor,2,233
tab ziniflex xt,2,234
sachet fosfomycin 8 g,2,235
tab uroforx-t,2,236
t. dolo 650 mg,2,237
ivf ns/rl,2,238
cap razole dsr,2,239
tab shelcal ct 500 mg,2,240
tab telma am,2,241
inj monocel,2,242
tab unienzyme,2,243
syp lactulose,2,244
tab headset,2,245
tab augmentin 625mg,2,246
crocin,2,247
iv fluid ns/rl,2,248
tab zerodol-mr,2,249
tab. metrogyl,2,250
cap omez d+,2,251
cap cya-d,2,252
tab telma-am,2,253
cap triscovit od,2,254
tab indocap sr,2,255
sachet econorm,2,256
tb. azee,2,257
inj ondem,2,258
tab metformin 500 mg,2,259
tab supracal 1 gm,2,260
tab metoprolol,2,261
tab spirolactone,2,262
tab fuso myun,2,263
cap d-rise,2,264
syp ascoril-d,2,265
tab metformin,2,266
tab shelcal 500,2,267
syp sucral-o / sucralfate-o,2,268
tab jonivut,2,269
cap. bijilac hp,2,270
c. irazole dsr,2,271
ors,2,272
inj tramadol,2,273
cap razo-l,2,274
syp surobet,2,275
tab nexito-plus,2,276
tab met xl,2,277
cap inicovit-od,2,278
ivf ns/dns,2,279
tab levocet-am,2,280
tab ecosprin-av,2,281
tb. tryptomer,2,282
t. telma ln,2,283
tb. augmentin,2,284
drotin m,2,285
tb dalo,2,286
cap omez d plus,2,287
tab levocet m,2,288
fosfomycin,2,289
tab azee 500,2,290
tab ipalin,2,291
syp sucrotex-o,2,292
cap ical 60k,2,293
cap razo d,2,294
cap redotil,2,295
syp. sucrafil-o,2,296
sachet fosfomycin 3 g,2,297
tab hairbless,2,298
tab triscovit od,2,299
cap irisocvit-od,2,300
tab hcq 200 mg,2,301
tab iriscefer-xt,2,302
tab atorvas 20 mg,2,303
mdi foracort 200,2,304
inj arachitol 6 lac iu,2,305
cap razo dsr,2,306
tab ab-flo-n,2,307
tab naprox 250 mg,2,308
tab dytor 5 mg,2,309
tab wysolone,2,310
cap omez-d plus,2,311
tab dytor plus,2,312
tab udapa trio forte,2,313
cap d-rise 60k,2,314
inj hir actrapid,2,315
pr looz enema,2,316
cap econorm,2,317
inj tazsuvar,2,318
tab pan 40,2,319
tab fenur,2,320
k-bind sachet,2,321
tab rosuta-f,2,322
tab lasix,2,323
tab himcee,2,324
tab isonibride / isoniazid [unclear],2,325
tab wysolone / wycortone [unclear],2,326
tab metxl,2,327
tab telma-cn [partially unclear],2,328
tab telma am 40/5,2,329
tab metpure xl 12.5 mg,2,330
thyronorm,1,331
syp. livol,1,332
tab. razo d,1,333
tab. asytip sp,1,334
t. radifrac plus,1,335
t. caliska-ds,1,336
syp dhoopflo-d3,1,337
t. nurivita-d3,1,338
triscovit [unclear],1,339
dytor-plus,1,340
nefita,1,341
tab acithp mr [unclear],1,342
tab zetrole dsr [unclear],1,343
escoplast cec [unclear],1,344
cap razo-d [partially unclear],1,345
tab domelion forte / domperidone forte [unclear],1,346
tab zerodol-th,1,347
syp guaifenesin ls,1,348
syp mucaine gel [partially unclear],1,349
cap enzyme d [partially unclear],1,350
augmentin duo / augmentin [unclear],1,351
augmentin d / augmentin duo [unclear],1,352
pan,1,353
emeset,1,354
mol,1,355
alkasol,1,356
irazole-dsr [partially unclear],1,357
levobeta-m,1,358
disperzyme,1,359
finotrust-az [partially unclear],1,360
defort,1,361
tab dazit-m,1,362
minetop 5% scalp serum,1,363
tab bilazest-m / bilagem-m [unclear],1,364
t. shelcal ct,1,365
tab calsika cm,1,366
tab augmentin 625,1,367
tab levoseta-m,1,368
tab nurobion forte,1,369
tab iriscofer xt,1,370
tab autrin-mr [partially unclear],1,371
tab ebast-m [unclear],1,372
cap doxy,1,373
cap norflox-oz,1,374
cap redotil 100 mg,1,375
tab tenofovir alafenamide,1,376
tab linaka-m er 5/500,1,377
tab amaryl 2 mg,1,378
tab telma 20 mg,1,379
cap neurokind next,1,380
tab nephro save forte,1,381
tab normaxin,1,382
tab glycomet gp1,1,383
cap iriscovit plus,1,384
tab etosone-mr,1,385
gabanesic gel la,1,386
tab ical,1,387
tab caldikind-cm,1,388
t. naxdom,1,389
tab nervigo save forte,1,390
inj hir acid ss,1,391
tab onden-md,1,392
tab. ebast-m,1,393
tab glucomet gp1,1,394
tab cidmus,1,395
cap lysa,1,396
tab amlong,1,397
symbicort turbuhaler,1,398
syp aswas,1,399
cap gapa-d,1,400
syp grilinctus,1,401
iv iron sucrose,1,402
syp bondryl,1,403
tab folivite,1,404
tab ciplar-la,1,405
tab thyrowel plus,1,406
tab amlovas,1,407
tab rtelma,1,408
tab uvert plus,1,409
tab o-sedurol,1,410
tab montair-fx,1,411
sachet eco norm,1,412
... bsr,1,413
tab trisovit,1,414
tab calbina cm,1,415
inis count/plot,1,416
rabium dsr,1,417
altraday,1,418
togatromm,1,419
coxad d,1,420
t. drotin m,1,421
tab lenobeta m,1,422
cap. lyso ls drug,1,423
tb. wygilow,1,424
tb montair - lc,1,425
cap ...,1,426
tb azec,1,427
tb limcee,1,428
foshan-av,1,429
inj hmr act,1,430
cap iresuvin-od,1,431
tab. etosone-mr,1,432
rl,1,433
inj,1,434
tabs a to z,1,435
tab ical 60k,1,436
syp. sucral-o,1,437
cap. fezole dsr,1,438
t. me 12 od,1,439
tab calcika-cm,1,440
tab pan dsr,1,441
tab aldigesic,1,442
cap lysa-d,1,443
tab carni-t,1,444
tb. ultracet,1,445
neurokind next,1,446
tb. drotin ds,1,447
tab nimovix-mr,1,448
inj regular insulin,1,449
tab clopidogrel,1,450
inj mvi,1,451
iv fluid,1,452
tab calisco cm,1,453
syp sucralfer o,1,454
tb. noadium,1,455
tb. colospa cm,1,456
syp. alex p,1,457
tab nsqod 10,1,458
tb. valivir,1,459
tb. pregaba-nt,1,460
tab gabica cm,1,461
t. telma,1,462
t. inicint plus,1,463
t. amlodac mr,1,464
inj pantocid,1,465
syp. asuwas,1,466
tb. montek lc,1,467
cap omcz-d,1,468
azl,1,469
becadex,1,470
udiliv,1,471
cyra d,1,472
lariseca cm,1,473
t. glycomet sr,1,474
tab iris conti,1,475
cap leyco d,1,476
tab cipla-la,1,477
tab thyrowell plus,1,478
syp of2-d +,1,479
tab me1200,1,480
t. amovas,1,481
tab valt ?,1,482
inj monocef ?,1,483
inj pantop ?,1,484
inj h/r,1,485
t. planedon mr,1,486
t. mont gtn,1,487
tb. montair,1,488
tb salo,1,489
cap ursa d,1,490
tab iriscont,1,491
syp mucain gel,1,492
t. intacovit plus,1,493
cap omez d?,1,494
syp. alex,1,495
t. calcirol 60k,1,496
tab. thyronorm,1,497
tb. glycomet sr,1,498
tb. dapa,1,499
tb. me 12 od,1,500
syp. creamaffin plus,1,501
cap. befilac hp,1,502
cap. razo d,1,503
tab. shecal ct,1,504
cap. uprise d3 60k,1,505
tab irazule dsr,1,506
cap rifilin,1,507
cap omez d,1,508
calpol,1,509
cyp. retiwofer syrup,1,510
s. feroliv,1,511
s. remstron,1,512
syp. 100?,1,513
gabagesic gel,1,514
tab ebastine-m,1,515
tab cifran,1,516
syp. alex sual,1,517
cap. lyra d,1,518
t. irisovit plus,1,519
t. caldikem cm,1,520
tab oflox oz,1,521
bismuth quadrile kit,1,522
tb amlong t 5,1,523
zerodol sp,1,524
t. zerodol sp,1,525
cap coyra d,1,526
tab ond em-md,1,527
cap lyzea-d,1,528
tb. dolo 650mg,1,529
tb. montair-lc,1,530
tb. montair f,1,531
syp. resvin,1,532
zifi cv,1,533
macodens,1,534
tb shelcal hd,1,535
tb body pain,1,536
tb. cyra-d,1,537
tb. mimcer,1,538
t. ucet plus,1,539
t. o-soluati,1,540
t. caliska mxl,1,541
k mac uti,1,542
looz syrup,1,543
cap omz dsr,1,544
syp sucrabet o,1,545
tab drota n,1,546
syp sompizil,1,547
tb unienzym,1,548
inj pam,1,549
tb laxen,1,550
cap gaba pig 100,1,551
inj insulin,1,552
tab. acemiz-mr,1,553
tab. pan 40,1,554
tab. becamine-mn sr,1,555
sypi grylinctus,1,556
tab neomercazole,1,557
tab ciplar la,1,558
cap becosules,1,559
asthalin rotacap,1,560
tb. limcee,1,561
syr. asu?ls,1,562
tb. calshine cm,1,563
cap ...-d,1,564
protien powder,1,565
tab methotrexate,1,566
tab folvite,1,567
tab hcq,1,568
mdi duovia,1,569
tab glycomet-sr,1,570
protein powder,1,571
cap renzol-dsr,1,572
tab migr-od,1,573
cap ecosprin gold,1,574
tab. ivadan mr,1,575
tab met-xl,1,576
tab calsise-cm,1,577
tab inscovit,1,578
iv fluid dns/rl,1,579
tab riscout-od,1,580
tab. cykap-d,1,581
tab dyt0r,1,582
tab suc p,1,583
syp sucr-o,1,584
thyroxine,1,585
cap cura-d,1,586
tab tricount-od,1,587
tab dow,1,588
t. augmentin 625 mg,1,589
t. 1-? levit plus,1,590
t. cetirizine,1,591
t. hc 12,1,592
t. folicite,1,593
tab. augmentin,1,594
tab. pan 40 mg,1,595
tab. benalgis-mn sr,1,596
inj levof,1,597
inj emal,1,598
syp. ranvo,1,599
tb. dolo 650,1,600
t. carca,1,601
tb udiliv,1,602
tab montas lc,1,603
cap omiz d+,1,604
tab ipnan,1,605
inj prazole dsr,1,606
cap cyra-o,1,607
tab ferrox-xt,1,608
tab caliska ds,1,609
cap ical,1,610
e-syringe,1,611
tab trypitomer,1,612
razo-d,1,613
iv fluid ns,1,614
ors solution,1,615
tab ubanin-nt,1,616
cap iriscout plus,1,617
tab nephrosave-forte,1,618
syp cremaffin-plus,1,619
tab sitared-m 50/500,1,620
tab bandy-plus,1,621
tab tenvir-af,1,622
tab arurit-u,1,623
tab benadon,1,624
t-bact ointment,1,625
tab xtradol-sp,1,626
tab spasmodys,1,627
cap femic,1,628
plenty of fluids,1,629
tab trypt dsr,1,630
tab tricow,1,631
cap sompraz it,1,632
tab ecosprin,1,633
tab glycomet,1,634
tab nucoxia,1,635
tab nartiflox mr,1,636
levo-m,1,637
razo,1,638
breathl,1,639
tab zerodol-p,1,640
cap regimune ntc,1,641
tab glycomet gp 1,1,642
tab sitagliptin,1,643
tab monitryn-mr,1,644
n calsica cm,1,645
tab nexdom,1,646
cap calsise-cm,1,647
dicloyec-la,1,648
tab stugeron forte,1,649
tab radotil,1,650
cap befilac-hp,1,651
augmentin,1,652
syp sucratek,1,653
tab chleskid-cm,1,654
cap cyra p,1,655
syp chericof dx,1,656
tab calbok,1,657
tab supracal-ow,1,658
tab ibugesic dsp,1,659
tab zerodol p,1,660
tab milago,1,661
tab calika ds,1,662
tab fluconazole,1,663
tab ... xt,1,664
tab livogren-z,1,665
tab glycomet gp,1,666
tab amoxiclav,1,667
inj falcigo,1,668
inj ceftriaxone,1,669
tab carnix,1,670
tab,1,671
t. zifi-o 500 mg,1,672
t. multfol 500 mg,1,673
inj omer-d 20 ml,1,674
tab zifi cv 200mg,1,675
tab sibeyum 10mg,1,676
tab bilanext-m,1,677
tab irucovit od,1,678
tab sibelium,1,679
d3-nano sachets,1,680
pantop,1,681
sucroteck-o,1,682
tab thyroxine,1,683
tab emset,1,684
tab m... od,1,685
tab naxdom 500mg,1,686
tab tryptomer 10mg,1,687
cap izaflo dsr,1,688
syp. normule-o,1,689
tab inscout-od,1,690
tab irusovit od,1,691
tab. augmintin duo,1,692
tab razole dsr,1,693
ors with water,1,694
inj moc,1,695
iv fluids dns / rl / ns / rl,1,696
d3 nano shot,1,697
syp adrinal,1,698
tab. vertin 16 mg,1,699
tb. doco 650 mg,1,700
tab clonax,1,701
tab pregaba-m,1,702
cap iracol dsr,1,703
tab deltocort od,1,704
tab bilazest,1,705
tab deltocort-od,1,706
ivf dns/rl,1,707
cap pan d,1,708
tab ixazole dsr 40,1,709
tab levineil,1,710
tab caldikind cm,1,711
tab denvirile 25 mg,1,712
tab lesuride,1,713
tab trasenta duo,1,714
tab telma-amh,1,715
tab cyblex,1,716
tab. maathur,1,717
syp alkasure,1,718
tab. zincovit,1,719
tab. itragol-dtr,1,720
tab hbl,1,721
ivf rl + ns,1,722
tabs nuroxia-mr,1,723
tab thyronorm 125 mcg,1,724
d3 nano sachets,1,725
nano sachet,1,726
tab bcomplex,1,727
tab metro,1,728
tab dom...,1,729
ors powder,1,730
tab incout,1,731
tab rifac,1,732
tab glimda-m,1,733
d3 nano sachet,1,734
syp advil,1,735
cap. razo-l,1,736
tab calska-gm,1,737
tab itopride,1,738
tab nuconia-me,1,739
tab shellcal,1,740
tab irxovit,1,741
tab enozole dsr,1,742
tab ...,1,743
t. bilastin 20 mg,1,744
n/s duonase-f,1,745
karvol plus,1,746
tab vilda-m (50/500),1,747
tab voglibose,1,748
syp. reswas-ls,1,749
tab dilzem cd,1,750
tab hykonorm,1,751
tab azec,1,752
tab panter,1,753
tab omez dsr,1,754
tab imisovit,1,755
tab renurite,1,756
tab terscovit od,1,757
tab irscovit od,1,758
syp alkacol,1,759
tab glycomet gp star,1,760
tab resner plus,1,761
tab duvanta-20,1,762
tab irinovit od,1,763
tab. bilaz m,1,764
tab levocem-m,1,765
t. drotin-m,1,766
syp alkasa,1,767
t. fazi-3 kit,1,768
tab supracal 1 g,1,769
cmc eye drops,1,770
tab meftal spas,1,771
cap. razo-d,1,772
tab ibalin,1,773
t. telma 40mg,1,774
syp alkaol,1,775
tab vgldam 500,1,776
tab acitip-sp,1,777
inj mol-ly,1,778
inj optineuron amp,1,779
tab azef 500 mg,1,780
tab xerdol sp,1,781
tab intout,1,782
cap irodele dsr,1,783
syp rozwar,1,784
tab glycomet 500mg sr,1,785
tab iricovit od,1,786
cap irofol dsr,1,787
tab bilastine-m,1,788
tab fenu,1,789
tab cal 123 forte,1,790
tab lym 20 mg,1,791
t. thyronorm,1,792
d3 shot,1,793
tab iriscovit - od,1,794
t. rifakind 200 mg,1,795
cap rificia np,1,796
tab irusoft od,1,797
cap iravole dsr,1,798
tab calalza-cm,1,799
tab evion-lc,1,800
cap iratole dsr,1,801
tab neurobeta-m,1,802
lds shots,1,803
tab irisolin,1,804
cap lyso d,1,805
syp. livomex ca,1,806
tab tricept od,1,807
tab juicovit,1,808
tab meptin,1,809
ors water - life,1,810
tab septran,1,811
syp sucraft l-o,1,812
tab iriscovid od,1,813
tab ebastine m,1,814
syp reswas ls,1,815
cap pan dsr 40mg,1,816
pantop-40mg,1,817
sucrateck-o,1,818
tab inscovit od,1,819
tab inscovit-od,1,820
syp. alkasol,1,821
tab. dolo 650 mg,1,822
syp. cremaffin,1,823
tab woxof 750,1,824
syp stone,1,825
tab calinta cm,1,826
augmentin duo 625 mg,1,827
tab folifell,1,828
nds thyro shots,1,829
tab naprox,1,830
syp sukafil-d,1,831
t. zifi,1,832
cap. zeijoh dsr,1,833
t. calnika d3,1,834
t. flexon tab,1,835
cap. ical 60k,1,836
cap qvirn-lc,1,837
tab viogas,1,838
cap tvaradbi ds,1,839
tab voglda-m,1,840
cap ical-60k,1,841
nds shots,1,842
tab rebotil 10 mg,1,843
tab emset-md 4 mg,1,844
tab. augmentin duo,1,845
tab bilazen-r,1,846
syp. reswas ls,1,847
syp surafil-o,1,848
tab monocit-d,1,849
tab irocout od,1,850
tab thyronorm 150 mcg,1,851
tab uvimar 0.4,1,852
cap mra-d,1,853
tab azee 500mg,1,854
tab methotrexate 12.5mg,1,855
tab hcq 200mg,1,856
tab telma am (40/5mg),1,857
tab glycomet 500mg,1,858
tab folic acid 5mg,1,859
inj embet,1,860
t. riscomax-lc,1,861
tab azef 500mg,1,862
syp reswas-dx,1,863
tab sita-m,1,864
tab dapa-m,1,865
tab b-complex x,1,866
d3 shots,1,867
tab zinovit,1,868
syp. ascoril-ls,1,869
syp sucrotel-o,1,870
t. cefisia,1,871
t. lyra 20mg,1,872
t. lavoreta-m,1,873
cap. ierisunmax-lc,1,874
cap. panboid dsr,1,875
syp. sucrot ecr,1,876
t. metrogyl 400,1,877
c. trisovit-od,1,878
c. razole dsr,1,879
cap. irazole dsr,1,880
t. augmentin-du,1,881
t. ondem-md,1,882
cap befelac hp,1,883
dolo-650 mg,1,884
inj cms-gt,1,885
c. irescovit-od,1,886
tab. orofer-xt,1,887
syp. dexorange,1,888
cap. chra-d,1,889
tab. meid od,1,890
cap igralo,1,891
syp sukrafil-o,1,892
tab azef,1,893
tab gabapin me,1,894
tab loxof-z,1,895
tab loxof-oz,1,896
tab gluconorm sr,1,897
tab monteair lc,1,898
tab multivitamin b-complex,1,899
tab thyro norm,1,900
tab caboret / carvoret 10 mg,1,901
tab uradil / uradipin 5 mg,1,902
tab cudta-mr 20 mg,1,903
rewin mouth gargle,1,904
tab eloquine pn 12.5/20 mg,1,905
tab telma-h / telma m 40/6.25 mg,1,906
tab sinarest / sumo cold,1,907
tab levosulpiride 75 mg,1,908
t bact ointment,1,909
tab gliclazide m,1,910
syp durotuss / durotus,1,911
mupirocin ointment,1,912
neutrogena cream,1,913
cap recofast / reconus,1,914
syp sucral-o / sucrotex-o,1,915
d3 sachet,1,916
cap panx 40mg,1,917
inj mol.,1,918
t. vildim,1,919
t. dmiron,1,920
tab drotaverine / drotin ds,1,921
syp reevnas,1,922
cap doxy 100 mg,1,923
tab limid 600 mg,1,924
t. rolfill,1,925
t. calsha pharma d3,1,926
t. saaz,1,927
t. met xl 25 mg,1,928
t. telma am,1,929
t. calsila-d3,1,930
iron,1,931
t. r-cinex,1,932
inj lasix 40 mg,1,933
tab carca 3.125 mg,1,934
inj thiamine 100 mg,1,935
inj monocef 1 g,1,936
cap. pantocid dsr,1,937
t. iriscomax-lc,1,938
t. fesoox-xt,1,939
inj. arachitol 6lac iu,1,940
tab bebast-m,1,941
syp expectorant / cough syrup,1,942
tab volibo 300 mcg,1,943
tab rifagut 550 mg,1,944
tab drotin plus,1,945
inj pcm 1 gm,1,946
inj monocef 1 gm,1,947
tab aldactone 100 mg,1,948
t. triscovit od,1,949
t. caliska cm,1,950
rbs charting,1,951
tab ubiliv forte 450 mg,1,952
lifi 200 mg,1,953
inj monocef 2 gm,1,954
syp b-lox / b-lax,1,955
cap d3 shot,1,956
t. paniscomax-lc,1,957
x 15 days,1,958
tab emset 4 mg,1,959
tab dolo 500 mg,1,960
tab hifenac-lt / hifenac,1,961
tab metronidazole,1,962
tab ab flo n,1,963
cap prazole dsr,1,964
cap irazoll dsr,1,965
tab meftal-lc,1,966
syp remwa-o,1,967
syp kesludin,1,968
tab icyk cm,1,969
tab fexofenadin,1,970
tab paniscout,1,971
t. ferrox-xt,1,972
syp osgut,1,973
h/o alcohol consumption,1,974
t. allegra,1,975
t. irisofer-xt,1,976
t. pregaba-nt,1,977
cap irodue dsr,1,978
oprise d3,1,979
syp dumotek-o,1,980
t. combutol,1,981
t. moxiflox,1,982
t. shelbon,1,983
t-naxdom,1,984
c. iranole dsr,1,985
tab telmn-am,1,986
tab nardom,1,987
tab calisha-cm,1,988
tab etoshine-mr,1,989
cap pantocid dsr,1,990
tab nexito plus,1,991
tab glycomet 500 mg,1,992
sucral-o,1,993
cap evion,1,994
cremaffin,1,995
inj vitcofol,1,996
cap dianvit plus,1,997
tab irisovit-plus,1,998
tab irilovit / irilovit,1,999
tab heptral / heptal 400 mg,1,1000
tab disperzyme,1,1001
tab ursodeoxycholate,1,1002
inj emset 8 mg,1,1003
tab sogat plus / sobrat plus,1,1004
tab seropenem / seropenem 750,1,1005
tab dilzem cd 90 mg,1,1006
tab warf 2 mg,1,1007
inj benzathine penicillin,1,1008
inj. cefpara-s,1,1009
tab cefixime 200 mg,1,1010
cap irisocvit od / irisocvit,1,1011
inj rejunuron fb / rejunuron,1,1012
tab nandom,1,1013
tab montair klc,1,1014
syp alex-ds,1,1015
cap uprise,1,1016
tab maxtifen-m,1,1017
tab wof-oz,1,1018
tab augmentin-duo,1,1019
betadine gargles,1,1020
sachet fosfomycin 3 gm,1,1021
cap irazzle dsr,1,1022
ascoril-d (syp),1,1023
t. naxdom 500 mg,1,1024
t. emset,1,1025
syp k mac uti,1,1026
tab amrizol dsr,1,1027
t. caloshine,1,1028
tab osteofos 70 mg,1,1029
cap omez-dsr,1,1030
tab supracal 2000,1,1031
neb / air-z fb,1,1032
tab bact ointment,1,1033
fungi cross ointment,1,1034
cap becosule,1,1035
morr pro gold (5%) serum,1,1036
tab etosure-mr,1,1037
alex lozenges,1,1038
tab amlong 5 mg,1,1039
syp cremaffin plus,1,1040
cap citral-d / cyra-d,1,1041
tab acurit-3,1,1042
tab benadon 40 mg,1,1043
tab syntran 130 mg,1,1044
iv dns,1,1045
tab thyronorm 37.5 mcg,1,1046
tab limcee 500 mg,1,1047
tab alucona zole 200 / alucona,1,1048
syp aristozyme / aristozole,1,1049
tab neurobion,1,1050
cap iriscefer-xt,1,1051
tab warfarin 10 mg,1,1052
tab drotin / drotin-m,1,1053
tab drotin / drotaverine,1,1054
neb budecort / mucomix,1,1055
syp limcee-ut,1,1056
tab thyronorm 25 mcg,1,1057
thyronorm / thyroid medicine,1,1058
nebulization medicine,1,1059
cap omez,1,1060
syp sucral-o / alphal,1,1061
tab sucral / sucravit,1,1062
tab amaryl m,1,1063
tab ondem md 4 mg,1,1064
cap sporlac,1,1065
cap pan-d,1,1066
cap irazole / irazole-d,1,1067
syp sucral / sucral-o,1,1068
tab zifi 200 mg,1,1069
tab calica ds,1,1070
tab alex / alexon,1,1071
cap zedbot 60k,1,1072
tab vilda-m 50/500,1,1073
tab glycomet gp1 / glycomet,1,1074
tab irazovit od,1,1075
syp bilac / bilac hp,1,1076
tab entavir,1,1077
tab actil-sp,1,1078
oint esciofast gel,1,1079
syp creamaffin plus,1,1080
tab urimax d,1,1081
syp sucralfate-o,1,1082
tab domstal-md,1,1083
tab vertin 24 mg,1,1084
tab acupan / alerpan 10 mg,1,1085
syp ashtakind / cough syrup,1,1086
tab levocet/montair type medicine,1,1087
tab meftal / abdominal pain tablet,1,1088
cap. prepro ibs,1,1089
tab. zifi 200,1,1090
tab shelcal cm / shelcal,1,1091
tab lcz 5 mg,1,1092
tab flexon mr,1,1093
neurobion roll-on ointment,1,1094
tab cyra-d long / cyra-d,1,1095
tab a to z gold,1,1096
tab nitrofurantoin 100 mg,1,1097
tab utipas,1,1098
syp uritrace uti,1,1099
tab montair-lc / monloff-lc,1,1100
inj rantac / rantac amp,1,1101
cap urimax-d,1,1102
steam inhalation with karvol plus capsule,1,1103
tab histovit plus,1,1104
cap pan-d / pantop-d,1,1105
tab nitrofurantoin / urinary antibiotic,1,1106
cap neurobion / nurobion,1,1107
tab azax / azee 500,1,1108
tab augxa / augmentin,1,1109
cap nimbion / neurobion,1,1110
isabgol,1,1111
tab telma ct 40/6.25 mg,1,1112
tab cal 123,1,1113
tab telma ln 40/10 mg,1,1114
tab pregaba nt 75/10 mg,1,1115
inj drotin amp,1,1116
tab calshica-cm,1,1117
tab vildagliptin-m 50/500 mg,1,1118
tab neurobion / vitamin medicine,1,1119
candid-cl pessary,1,1120
tab irisocvit,1,1121
tab meftal 400 mg,1,1122
cap pan-40 mg,1,1123
tab myamac / myorac 200,1,1124
tab oha as prescribed,1,1125
tab janumet 50/1000 mg,1,1126
cap duzela / duzet,1,1127
tab pantop dsr / pantop d,1,1128
tab irisovit / ironovit,1,1129
tab riztril-md / rizatriptan md,1,1130
cap pan dsr 40 mg,1,1131
tab me-d / md-d,1,1132
tab pregaba-m 75 mg,1,1133
cap neurobion forte,1,1134
tab irazole dsr 40 mg,1,1135
tab martifur / nitrofurantoin,1,1136
syp ketrason alka / ketrasol alka,1,1137
tab irisocvit plus,1,1138
syp rapitus,1,1139
tab zifi-o 200 mg,1,1140
tab nimbion alfa d3 / nimbion,1,1141
tab thyronorm 100 mcg,1,1142
tab iriscovit / iriscout,1,1143
tab udiliv / ursodeoxycholate,1,1144
cap doxycycline 100 mg,1,1145
tab meftal forte,1,1146
tab levocet / levocet 75,1,1147
tab prucal / prucalopride,1,1148
tab livoment-od,1,1149
inj augmentin 1.2 gm,1,1150
cap nurokind next,1,1151
tab vertin 8 mg,1,1152
tab me 12 od,1,1153
tab calciha cm,1,1154
tab iriscont plus,1,1155
tab distihip 20 mg,1,1156
t hydrochlorothiazide 10 mg,1,1157
t fludrocortisone 0.05 mg,1,1158
t sompraz,1,1159
t acurit-4,1,1160
tab naprosyn 500 mg,1,1161
tab vild/m 50/100,1,1162
tab nitrofurantoin,1,1163
tab silobon 140 mg,1,1164
syp cough medicine,1,1165
tab rbclean / robclean 675,1,1166
tab trental / trental 400,1,1167
tab ecosprin / antiplatelet,1,1168
tab telma-am 40/10,1,1169
tab levocet-m / levocet,1,1170
syp rapitus dm,1,1171
tab levocet / montair,1,1172
tab cylden / cyra-d,1,1173
syp sucralfil,1,1174
cap pan-d / irazole dsr,1,1175
tab imecal / calcium medicine,1,1176
tab tranexa / tranexamic acid,1,1177
tab metrogyl / meb 400 mg,1,1178
syp sucral,1,1179
cap bifilac hp / probiotic,1,1180
kabipro protein powder,1,1181
t. radifree plus,1,1182
t. caliska ds,1,1183
t. nuravita d3,1,1184
syp dhoop flo d3,1,1185
inj mono cef,1,1186
tab shelcal-cz,1,1187
kabi-pro protein powder,1,1188
tab gabapin nt 300,1,1189
cap corus od,1,1190
tab acif sr,1,1191
t naxdom 500 mg,1,1192
t ofiska 500 mg,1,1193
t tryptomer 10 mg,1,1194
syp grilinctus bm,1,1195
tab medimox lc,1,1196
t cefixime 500 mg,1,1197
t dolo 650 mg,1,1198
tab wysolone 60 mg,1,1199
tab udiliv forte 600 mg,1,1200
tab becosules,1,1201
cholecalciferol 60k,1,1202
cap irisovit-cd,1,1203
syp sucrofil-o,1,1204
tab panloc md,1,1205
tab clonaz cv gold,1,1206
syp c-fan forte,1,1207
tab romilast,1,1208
cap formoclear,1,1209
tab nexton forte,1,1210
tab vildap,1,1211
cap uprise d3 60k iu,1,1212
levipil / leviprex (handwriting unclear),1,1213
one additional tablet (illegible),1,1214
impregyn (handwriting unclear),1,1215
mexton / mexon cdx (handwriting unclear),1,1216
syp dexorange,1,1217
tab orofer xt,1,1218
bandy plus,1,1219
tab calisra-cm,1,1220
udiliv 300 mg,1,1221
livomin syrup,1,1222
liv-52,1,1223
ointment (illegible),1,1224
chlorhexidine mouthwash,1,1225
actip (handwriting unclear),1,1226
ipalmin (handwriting unclear),1,1227
ecosprin gold,1,1228
tab caliska cm,1,1229
inj lantus,1,1230
syr looz,1,1231
tab taf,1,1232
tab glubnorm g forte,1,1233
tab glyda-m,1,1234
orofer-xt,1,1235
cal123 total,1,1236
dytor,1,1237
telma,1,1238
thyronorm 75 mcg,1,1239
cap ugeo-d [unclear],1,1240
tab olox-oz,1,1241
tab ugra 200 mg,1,1242
ringer's lactate,1,1243
tab iriscofer xt [unclear],1,1244
cream acyclovir,1,1245
inj merocrit,1,1246
inj emerset,1,1247
tab panedon mr,1,1248
tab monit gtn,1,1249
tab ecospirin av,1,1250
tab. drotin-ds,1,1251
cap bosumit,1,1252
flexon mr,1,1253
trazole dsr,1,1254
etoricoxib,1,1255
zerodol,1,1256
cap lyser-ls,1,1257
cap pan-dsr,1,1258
tab valivir,1,1259
tab neurokind next,1,1260
tab painvoid-ap,1,1261
tab resopez-ds,1,1262
ointment anoblis,1,1263
biopini forte,1,1264
pantoprazole infusion,1,1265
inj pctm,1,1266
glycomet gp2 (500),1,1267
supracal 2000,1,1268
inj perinorm,1,1269
inj drotin,1,1270
tab cetorico-xib-th [unclear],1,1271
tab nitrofur mr,1,1272
ipain,1,1273
caliska-cm,1,1274
vertin,1,1275
cap cefshine,1,1276
